{"cameraMode":{"drawMode":0,"name":"Shaded","section":"Shading Mode"},"sceneLighting":true,"audioPlay":false,"sceneViewState":{"m_AlwaysRefresh":false,"showFog":true,"showSkybox":true,"showFlares":true,"showImageEffects":true,"showParticleSystems":true,"showVisualEffectGraphs":true,"m_FxEnabled":true},"in2DMode":false,"pivot":{"x":513.5569458007813,"y":277.90478515625,"z":92.14447021484375},"rotation":{"x":0.007812006864696741,"y":-0.0027571823447942735,"z":0.00003195804310962558,"w":1.0000624656677247},"size":288.4914855957031,"orthographic":false}